Temperature,Humidity,Soil_Moisture,Growth
19.36350297118406,41.10797573031718,17.85117051207718,70.34785132594632
33.767857660247905,62.514056842701486,17.409363972159994,102.32238640042215
28.299848545285126,82.37675015258449,37.1876374156311,121.87288370022769
24.966462104925917,73.93349318457368,17.486385995485183,91.01996351530997
13.900466011060914,78.39366887168698,18.158491783858928,94.53446012948415
13.899863008405067,69.52700200264304,32.78194787253891,89.99866380463925
11.452090304204987,71.53659387107115,23.492195273516202,80.87149540242999
31.654403644373378,80.95173909391916,33.301316708655435,120.11427633942235
25.02787529358022,44.98008053155115,11.960984726931557,63.11683097651137
27.70181444490114,59.36549781858843,24.62713581020153,95.09140755125622
10.51461235739506,43.27256650917613,11.00840800549848,47.59293449805386
34.247746304049855,89.26008047979883,11.879596103660635,111.68180657131154
30.811066020010543,86.64356038119679,37.19312360033233,117.27289339804679
15.308477766956905,32.365608682110356,14.177361133527855,56.91478270775013
14.545624180177516,72.33451035094131,25.972620468256515,85.16235056263038
14.585112746335845,85.51489904493995,22.332868078021196,104.74912712014807
17.60605607398844,40.83452070764001,20.42029978776528,61.32602643351929
23.11891079080595,64.07671383315777,36.99500037061817,88.96477441283771
20.798625466052894,84.92929785528251,10.654701903264685,92.64651759537854
17.28072850495105,32.03675871514793,29.913690585267673,67.50218457072813
25.296322368059485,71.84521603481039,38.901833026406514,106.50318529303962
13.487346516301045,47.840940442353045,26.805045503855258,65.11865444291831
17.303616213380455,85.46377172259182,38.104673860992754,108.98778489389032
19.159046082342293,88.26349470992207,11.567736378580713,101.8944329368765
21.4017496054259,86.65598934680604,22.56379957222484,111.87578486958064
29.62939903482534,58.45285299944783,17.804733728861535,98.46242425524407
14.991844553958995,81.72255905935882,31.924628949421894,97.53173195800338
22.85586096034029,80.67296391210422,39.4389127149174,105.05462220914023
24.810364221551062,49.146028394595334,17.695901873327436,75.86988491258488
11.161260317999943,79.73492844904064,29.625238044222233,93.295476695858
25.18862129753596,32.220458082929554,15.942928982792203,59.155381883729845
14.263103092182288,65.77619270892319,26.959907637148298,78.43087712185623
11.626289824631987,43.80053023726218,23.917974600650084,62.6698986874426
33.722138431333335,37.23401314663673,39.16015988894611,89.59059482153019
34.14080082686398,34.61719209775255,28.255818180893996,82.95460873794374
30.209933702911528,71.77732655268838,20.485191162604565,100.12390059344648
17.61534422933427,50.39249782608397,13.422873546638002,67.01184453835846
12.441802850159597,73.48600629172569,14.537404862048037,76.36650516325457
27.105825662803923,33.92138044793654,16.759507898537052,72.49484115860639
21.003812343490033,48.91742026983662,17.52899984020894,78.27925762178057
13.05095587111947,62.36947754252023,35.51848173523413,74.08503063578614
22.379422752781757,77.44338989033781,26.83668364847575,97.58080673888418
10.85971302788046,49.12515017592419,25.701727341230992,57.69999316936101
32.73301005196955,67.55348258622055,13.443066156076524,96.79381153734369
16.469499540000424,83.15866489417124,35.80419080048305,103.77523691462721
26.56305710884955,66.95179129093827,31.68442909625451,94.03109001300469
17.792776902235275,43.97756848521803,12.030050857000047,57.93911343373021
23.00170052944527,31.464046893392283,31.23505291689306,63.37101774808718
23.66775698358199,82.2059324340558,26.30614652027938,108.35546423467744
14.621361388138176,31.27616465102323,12.451760372403347,49.139167257967316
34.239615694113965,82.48210036105196,23.749019245859692,115.33904097802191
29.378320584027865,61.73622804163272,24.54088861390141,97.79751580178731
33.48747353910473,86.34406191077377,14.973236204898273,114.01343545505752
32.37068376069122,77.92699414641993,38.37094441000847,119.01361248333937
24.94749947027713,89.87604663200025,35.49926114441986,127.95472769363536
33.04685587557792,51.04270892710261,30.07067011987325,102.22803451126396
12.212312551297988,76.0312973358676,23.868866830018217,80.9163401606228
14.89957156047863,54.11585481655453,22.352966247535257,76.49731493898149
11.130682222763452,58.79253721823453,29.529204014528624,79.21243322162603
18.133258269081608,67.6503277931022,26.362956082207162,83.32033375472018
19.71693224223705,82.42062685118032,11.868193176456568,99.62480497863132
16.783725794347397,89.04500815195772,25.37507946310995,111.7536767984008
30.718437728798232,76.0964048318711,34.192108516985186,109.22257936732528
18.918833167339734,55.066006930040025,23.77719632790874,74.05648940372275
17.023362742184517,55.281420136624206,11.558697326628053,75.52082739745234
23.567402078956214,74.25493809533349,33.588345981520995,105.83648251590299
13.523105624369066,44.32662874609814,16.04091346407923,62.466867854358625
30.054924518850992,36.62844678788368,17.758625046641164,75.95092545825119
11.86376609199427,51.27732945844659,14.941190602968877,64.68245778327555
34.672173415012935,47.2343394992449,19.906451946144927,82.7149450289285
29.306119232416435,47.778487227359406,32.70254517065905,94.97799397922401
14.96789203835431,44.0164650629946,25.58157578511812,71.81338035111878
10.13805292809006,32.525591378181716,16.146438224521376,45.112402008174
30.386535711370854,31.072436084004828,36.33490234456123,79.27185814406019
27.67143359619043,89.26334338416189,36.387455648545874,115.15458533425235
28.225179201024684,55.66638802415174,36.11735275138021,99.03327561633029
29.281758667148644,53.0595988295809,17.16388634144618,89.02801984353691
11.85111629335226,70.77883696158419,23.537180325429645,82.30204419900835
18.961643213606813,43.09523327190385,39.54968968422625,82.6267701153169
12.896726488128243,86.99767103701352,33.16037428929971,99.98400960511486
31.577585646889837,77.18070086493313,10.815022636766795,107.8682044160657
25.58245317068895,35.36466013873557,11.956137737814762,59.87041909126201
18.27245062131623,55.0548465470957,23.917941304369982,77.81202788106984
11.588958757150591,82.74709845372988,37.27660617584681,97.87096106997383
17.774558042891556,86.68392133748462,26.161053938581425,104.88367330095298
18.12958305066868,58.044090674992184,24.934375241028707,78.81032517714372
28.240154458451602,66.80468335264246,13.164210998698918,93.25667455324701
25.93893678388033,40.02203676552451,29.70340314172882,82.12629098114795
32.18031856440817,89.4701175682186,34.66309481800677,125.34020255467699
21.805373129048732,43.90030208300661,21.412600225226868,63.9601040301838
12.989856148457543,86.56390644810753,33.26835552775982,110.22104982154208
27.831119680574876,68.97879893954212,38.93429961702435,114.95480297028816
29.019626215422434,66.46420769273155,16.112993773830674,89.59010102407942
24.031929939237408,60.76131066099052,25.69988893584224,93.7458479500244
29.274179498864026,43.84018870306552,18.614138742537264,76.99336187960117
22.344889909109767,40.591681920330494,33.785632571015185,77.49746578935901
23.06832073454985,43.22917254421052,27.327800976434727,77.40034405011308
20.68852545896374,41.18629572865527,29.037472526509113,71.12196439535364
10.63547816860238,76.7750684140052,33.93742478847682,87.23251259983346
12.69728567483261,51.0075155500038,21.879114179873646,63.529607078157696
10.785729642168356,33.47056059380378,37.45270205221129,53.86471549434449
25.91026028159451,88.14615780844868,25.9908660173842,110.44556055221223
17.858899526908168,83.02715309780554,14.73864468506044,94.88583280281769
22.71426727911757,85.66513699171279,30.876973545064075,107.64891715528961
32.689161848152324,89.69446935878611,33.797840513147634,131.2917502899486
16.232305728721872,40.433714953169236,19.5028503120258,69.01339476969417
20.259573075890742,53.77452113415953,35.71537770996259,82.28852724652758
28.888778463576216,75.49430854224548,37.18429764297299,114.85115231425122
15.71995413729056,71.76123708322754,18.307134621334267,87.92492749351251
11.924497745719824,39.233754380391304,39.50564418145666,67.80923424450152
17.2437863228442,78.94998749943707,14.221345841462753,91.3429828472745
14.030532181350111,43.46643431019964,16.0604700520747,63.3534331836158
33.242441308564324,43.42905688935738,15.526745177140784,84.80879243373677
30.203009489110425,62.218465373604815,36.819691300236116,98.23991722429793
25.835093912760584,65.57639609050219,29.628776569748855,102.62339817453524
31.78651475469294,64.80517247026867,14.563128496668186,101.70597411651427
30.091801922477863,35.489210243865294,23.20970255105047,72.289951256698
14.664251472150896,82.64765175782281,28.458940752094062,98.13438272612437
32.313974962249446,45.93600255532236,12.503922549681498,85.19417823785332
23.48355604789127,37.77089527696825,36.472491052220164,75.5866599072574
30.186003879101563,83.32488479213863,34.108106063246055,125.30205575908586
32.40228249808733,87.3390898937852,25.156203207299146,133.15147498947934
17.950086874296595,81.72765703592704,39.01379845777511,102.49919894361018
12.751298113191918,78.57096448349269,22.53282937825299,82.51952099598208
15.698379063548542,69.3145188383413,39.523309571094934,95.57041771050314
20.677694715656408,63.05144223654836,30.03759996410881,93.8809999557115
30.45036914806233,35.21920559468461,29.040138197618244,78.08154468300776
31.518264581408587,54.50719278424192,14.97864685887355,96.1832984711258
10.173803263279767,52.36131102073884,36.45783274913932,65.6335001084802
22.768682564439143,45.585227025619574,22.824690637618453,78.66753913178991
20.435275078719474,73.40520682131509,14.867002173474381,87.65069253445816
15.552695261768257,59.75254410472625,10.37822559927277,80.25127192857578
12.99663418334207,34.862772954458876,26.792670509151478,66.84509140399392
18.4403792850907,43.21099211698868,25.82198866368029,65.77496022862319
33.572742597812976,70.99552581957576,31.580608671074756,110.12623042903066
18.080073300518883,34.56785156941801,36.70774159053406,72.00217944632311
22.969765543584153,81.07241484292612,12.382197539290885,96.67709604733975
27.575473972379445,59.70879162083846,31.94489471021087,96.60299332897036
19.09074005948235,58.83519463959888,15.622358322927466,77.9151650472337
34.29455206802402,65.54446707957106,35.74531159471492,101.86332616165487
34.06118237355278,79.48085795550895,34.571905415849685,121.67486919012416
16.294557395634104,50.86855247413158,26.22381264956633,69.91157830852849
22.431212647309636,70.68096915354381,31.307283958699344,96.65025836695743
17.521957745419243,63.94391783974746,19.430503395512453,89.11489528140137
17.12101235943669,46.02169621016528,24.13503696798444,63.14755581205218
10.92217368386332,82.71779918130949,34.64910693131415,100.67142716508053
25.23910834949742,77.8455612964157,23.777955915196415,103.05754236246862
22.56697558072154,69.50711007950554,20.733947959763256,91.65423189787273
11.286968781249733,81.03490374565452,24.826373417508997,94.73733172303635
16.966161605915286,82.03765205758813,34.84747757311655,105.11351083257158
32.70664714916634,72.50177860290208,20.05624142112618,110.13058515798201
15.98904726667431,80.22079970182033,15.212847794072314,95.81084368116589
13.622371802280577,71.84828770015702,31.360420609923423,87.8491447119074
22.236319006939077,70.80844630561802,34.779346381242455,97.65882937090379
34.641261352765014,67.11668269291106,13.019124355706,96.34666932271088
16.05138178778751,75.16299837345846,17.19622338267834,83.86311588555617
26.803388685146963,39.51630631758442,14.259159692829817,85.65216344920243
29.04049038321794,82.85224555193571,20.438242347465,117.57290397882652
15.940938599809993,82.31061166471392,23.510529367162377,89.9775085040842
28.20540871529649,31.75483698207355,32.464790108899194,68.87046531474637
19.194578317981332,79.54900503388576,29.534427546450225,103.84924209050378
25.807645764839485,37.73219204840671,28.627857024352934,78.20518105559904
25.838242769022365,50.10713125554851,20.571248398289633,84.12163970299729
23.394367101868962,74.61049537749646,35.2434265925428,104.10857115274284
12.257244251360207,39.64559376289849,24.138615021944936,57.86720432290902
30.88256238973095,79.07802144714373,39.37314814045463,121.64746371641624
18.019501624293397,79.92805067746451,29.024264148872106,100.50743959702639
14.662962759996356,60.44806402565017,13.787942246935081,61.75147579224563
11.019378538869098,30.383152303010014,30.28532686226302,51.523441367306475
24.772323579706047,47.22228799049476,19.753120462950967,73.12414674821697
26.93910904605706,67.01561510254453,30.589815900582924,102.11038798213812
10.414695723196404,88.87117068164541,12.089234444872172,104.56548364860515
22.802326457482025,67.9088116210001,15.246443115278781,91.15047093078942
15.662394379948449,45.588214863849586,35.67211776717359,71.53385559974262
26.129319760236246,68.04034218597668,16.815386710705447,98.80415832630382
14.359160725124786,62.39912278295133,35.111233757288204,87.11934741120098
27.273443452561647,76.79072370906862,18.37828265363231,105.45032488940424
19.668383657513434,36.4188383296175,29.286457301761228,70.4146126696691
33.418249718418366,75.66167415012168,30.82451720529493,126.32621540899457
13.438023603649832,62.47599472056662,25.379642594351587,73.14180322137932
18.52665877625646,87.77952023153968,19.15932030090194,104.40342725124775
12.836838031014727,50.51232996232116,16.379331291132885,59.37182960273334
33.11734045696407,67.9573135880369,10.995680636872788,102.38206296893404
31.933483834524527,85.92168633060105,19.118392037221714,112.02329312709065
16.44854069287889,36.15058367944076,29.59488371593849,61.369323564951095
26.499601150854478,86.23370923418707,38.14914455345448,118.38561147391275
30.430555005030396,71.27314333804881,36.136134467891566,116.48233150714486
23.880020289986557,34.07022354631032,32.98194329605908,76.99544705277374
23.24126445890016,48.057814016808976,33.653420297598956,76.93389183069493
16.046307272511292,72.4903253187169,29.94954710427986,92.49727308912624
12.32756919514748,34.041036088126305,17.80860572698009,47.38231549442221
32.43039394883317,64.9302276105764,37.21585092117489,103.1760557342717
32.51045142908326,50.752983417177404,30.121969357175022,93.5908278751075
25.827536431831696,67.25493106604863,26.8132189294132,96.66118409346444
18.475744776217518,32.74452202875077,13.329684076404433,67.16493582439146
18.73023936531652,82.29220836914257,23.411666314192765,102.18068621759375
28.148891971755983,88.4093381506438,23.81074813605779,109.52342745087992
32.42775649881443,88.13267131714149,35.936908285680104,124.56402897427583
32.177160606627936,74.97910990457548,26.399446605633653,116.90252043157771
29.496888646440595,37.80517440783792,21.412016469112288,86.78862800090481
26.050791153857194,75.49579175574135,39.30400985531978,103.37967115569182
12.10349912487622,31.47521498752809,13.32161779978947,36.96555791407344
14.040717852365344,31.327413091739835,22.676452849358338,62.60384419776836
32.463854713176985,49.41661314897247,11.260740255142158,86.06835718941596
25.160726491489747,59.318591424279944,32.19712362300791,89.40484308133378
10.229926290415742,76.22444506846759,37.54229656597452,94.6997613168724
12.536788571650803,70.9977225963903,18.401119886514685,67.86414561126617
26.587544227701397,56.7541623826049,35.75025030397363,95.20038566429821
10.126539596155467,46.41759997689995,18.766546913856935,60.30830681805041
14.020201285437466,89.82747000946267,37.32310484931746,111.96912067244297
23.718344734164653,55.57087813415838,32.61885710790352,84.15866498081336
27.29737994231733,57.08322145978053,34.14720330524316,95.92547055824359
26.299031487565014,39.81742927150015,10.540196668013635,64.05575640598703
15.606732736513994,77.68857292499575,38.88431071222078,101.59801175829537
27.8044805336884,71.62093354688932,31.800129762109698,102.08545674717726
15.931227187420003,43.24617676732562,19.142532861584,61.2451762737554
18.134992453981695,34.94286273695056,34.88183994576541,62.17812413327005
28.662285127950604,70.82995812448279,18.445635952447898,103.53720783846919
26.240822476180366,69.27067285686812,36.18261518698384,109.28908843368617
31.23058526235445,46.395571619892564,13.37741171235811,80.10876261713138
26.440322307508584,87.05181373502462,31.110579323823874,117.11631739374208
24.20771508338679,39.06347350685401,26.22095429934731,66.1675569820533
12.341869195702312,55.940088062556114,12.896034105863224,64.51194729778535
19.19289507648584,86.61695521005593,17.25681484776517,100.70242259850163
16.630059192043134,55.18363901556734,10.372121088319444,82.39300824221522
16.09974108447709,68.31155685984513,24.063038963935174,80.44061914234538
34.325263868811135,53.855663877767654,19.03795782280001,101.11471284994968
19.82744311666901,46.452912140920205,27.950724528932763,79.91491758453441
32.30116387942783,89.0386588775897,18.917134231258515,120.85407289546508
25.778465649931572,54.560040378902585,18.99757334520954,92.8740801766204
29.87028258854121,83.64595222074806,32.2957959619481,120.76952622685626
22.5659273276298,43.79727635346517,11.444285079350603,69.78487239394285
24.422597115658977,42.786282241505,37.08684985575962,81.81396399478685
22.312942345471598,31.86804497307068,35.567916231735445,76.17176932098332
14.881074694951113,69.10000952255311,30.034140496792194,93.63671366943434
28.06130288153763,52.11158062342567,27.796647103221527,86.13276507071538
17.019309061021396,81.86149499037822,36.76907494418957,97.7006683646292
10.607899160786346,58.392594401493426,15.559905385861434,66.20860402009079
26.136807397679195,88.09160567488331,12.369074865724858,104.02179802799589
14.427766985176223,41.13153094218727,17.185305097286143,58.49357481152757
33.51146460882286,82.11739007733664,33.83734836100571,129.0135344463803
33.84821442506468,76.59581116750451,11.0401080017945,105.12805196954453
32.871609755511216,76.25531067864313,27.484205052504688,113.97816586922242
19.25396750638611,80.68699368701326,39.8631254857393,107.87603237418557
10.386415413221686,75.66143945657993,35.670882815126184,95.07044587971949
33.20796406469313,67.57321929788492,25.643370671307686,95.4953709816705
20.704603707932858,37.87469266094325,11.909227278599271,58.066390743747185
34.16637047609174,31.951570769475115,34.94120543157129,85.0879223640732
34.09049942723132,85.2508708689412,27.969355245316315,129.094368412623
31.325236386684,66.99901887124429,13.447989911787005,95.45398147937871
17.36122230173964,77.79223745857058,12.815718544700687,80.09235247108502
19.62744321504813,58.891341090753,37.28880458309777,92.40896425203972
31.278416787921422,37.038491337743665,30.076007888142353,79.02608521564366
17.923050128906944,37.511147532153025,34.87860397950267,63.007546874710286
14.237318667152312,71.13391723373829,36.36936700846802,89.05487274324129
23.920031561458753,55.818353693967765,27.153170561449667,86.0126793213703
33.40386935401952,42.0314836020202,25.523390552651236,83.44780206007414
27.400744916874324,59.49567280448621,22.912822309629703,80.90601301315768
24.251529252234125,33.85253622450804,19.50839763373358,70.42339388358984
12.429412344269213,64.91828411486392,23.037878825761354,84.7432367242885
25.375180667479242,46.13960426610586,33.21638967190469,87.22770500650967
34.75134625260658,77.85354603823129,28.057702930453946,112.32487544681584
13.5021003809131,48.621717535414426,36.775698698645385,72.48028616501236
22.958241309093417,57.31320894490807,23.301400431375633,85.01855036637909
31.934326798198885,30.697232394486036,28.212687361562622,79.97929370201835
28.51921544385511,34.34681326767353,28.93922659275966,79.5118248867352
27.4253935248817,53.549613384401084,27.750914869189767,85.95475137808131
27.56210209967773,58.796330083027414,31.07901319256549,96.06107096438575
18.98727878049388,66.00123288715822,17.123004051244187,86.43362489501753
17.339796106612333,47.499754722558194,25.370913326373717,78.77212737990205
30.23402888696284,71.69891316759255,13.12674408425043,103.72586993967828
30.25283486697952,81.60734383135227,21.535339829344377,116.30223025700701
31.676807964502594,76.791059333601,24.63001205863793,112.17915619324968
32.83101381391178,32.37712952090143,29.566727786364176,87.13457981261489
22.783559971523445,58.830416835469734,38.5159315775861,95.71138520279446
22.53790736717999,36.29581070509049,28.019531996450677,65.78646385204587
29.95737947416938,44.522700951751645,32.307817485296795,94.73777472367892
26.24909826944413,89.19975559602878,25.187981784856085,118.94222965527916
27.549171931442583,38.5497325740908,29.02312094128994,76.1951327420063
29.894816735902527,59.933289207081366,12.127966484013204,87.48692985375851
32.250133545439155,67.08934405908715,17.63174742525541,102.67038694012822
18.449878921288395,72.14789823264624,20.855592796154163,92.60189366607807
19.389573815998602,63.578921009214845,24.174800650195408,87.20448703982393
12.349548496021725,30.58625084515102,11.369462365071513,46.52973342109707
24.45700352490435,49.58767849463951,14.20072292659953,84.61869536177849
10.898556844918552,61.06269860308269,18.30442923373917,76.43835747441244
21.639950453311506,35.27198994869,39.14598072703152,74.71170082276669
23.566115867689415,51.037615872550845,19.940410213091525,83.78618974965116
17.163531303207108,31.992186527481994,24.461231743362475,53.257983139877666
24.770831514225268,34.71470982930124,15.882931382151789,67.42786662132126
10.762506248476235,53.815396572095764,28.32340213227305,79.17555757065017
10.933704718730361,37.96294524258362,18.42049646547923,51.610820612321085
30.565014016491457,64.05245089569348,16.209777353152802,91.78669656982551
19.00476603528157,71.36789814823595,25.497178853379374,89.38818274465103
13.17651281629712,78.03520194654497,10.165173974812625,77.87439873748689
23.05608150137011,42.009014654688606,10.22992097947676,62.46566047449488
29.249838827465272,40.04895493554419,16.572064273055734,73.5724621849714
15.39552568742108,36.274070420064014,11.101640875024634,46.01687250257561
25.57226189547501,68.1858149726182,13.24077262392074,91.93384423437297
12.1336866248442,72.38854358921407,20.165819480162547,87.0655544301988
11.292043029215193,31.895168689538522,34.07757038739439,51.56659087965164
23.283865789203702,86.17273477462139,27.161459301079024,118.0559760354899
23.515878040252662,33.118277019088346,25.38003177869249,69.95765159555809
25.935747537455164,62.47778011806423,18.80466469624365,95.66035641563968
28.15228334306654,72.54363116705498,37.95261158298449,107.50477796755538
34.396301986563365,82.25814742476513,21.91045123711575,122.3099320775791
22.907508707529885,72.84521592794567,12.612783003873144,86.61190519135242
18.073911823531148,78.10368498418751,28.511995483534037,102.87887742153694
29.879654869217593,50.367011552568364,13.415151804298041,83.71596768623246
16.770806281551856,78.88950682479074,20.35669428405076,96.18117623964413
20.9742855176409,34.806890783080505,25.222358161534267,59.747861300276355
11.96140953355665,83.68899936363167,36.22667574055527,94.94287959006793
10.633768585386438,62.85554256922418,24.80639741020356,78.43429615421178
34.06621036694813,79.03786619774962,31.06776298094993,114.90188686789142
30.899503012805145,57.13909707109801,39.78450516997211,104.99896531772625
27.399355152342448,68.6146617117915,13.944673596939449,87.90760331841264
20.223823610356746,61.58415965616679,18.241945765585584,86.89776000348766
14.332358001771144,73.89537130531991,21.837282267929393,81.07115120650346
13.91092606677715,34.897798921835374,22.65484535616494,58.700272784080965
16.256072454114882,33.62112503943383,22.33063225796637,60.69765777369811
23.730666617653014,44.82619404060878,37.22833007669665,79.46806111987108
27.86489806750156,39.5726808067913,31.420979334005693,83.71664482886139
26.504934417943282,82.3070139955321,28.237156422721114,113.07232202598595
16.99834742364857,43.15283924148266,19.281181535883462,61.86666978854245
33.87163201657985,88.55191534914788,34.71371152663884,123.8015730421525
28.447422917394213,50.213747506266415,38.65181534454967,83.82068471979814
23.858851312785017,40.927074941321955,34.6359484765068,80.43850600315145
25.293018655858805,77.38191042854875,10.046953155744188,89.45661345093139
20.490001560694747,69.52246653005257,29.09204110550221,95.2287166468334
16.193274737528938,59.89174298718834,11.534061443263022,71.79511371600566
18.89931696628154,63.321813056257874,17.728216610011657,85.59645298674094
28.946152761609227,73.15210669633584,11.785741010433151,97.639711678767
10.359837215743896,43.70728447987793,28.11386358848163,59.80732510530038
12.901816012672906,89.78003496340452,30.597697404778202,106.26440940976168
11.150066050543819,88.487589728807,13.434629141977155,92.56275576010735
11.018220057974254,69.01954118081622,21.515166491349383,80.77586004581067
31.38651460027518,41.972547055748706,23.687095268666262,85.43174074830495
27.59144648450059,70.81369454587748,21.071590652827496,92.61862612848091
21.85434572718313,34.33190453875055,13.63075001455579,64.290056910833
12.445854016275037,31.839150132348365,22.568433705624262,54.75290574828888
22.29039687792081,45.46097331067282,32.535341434252544,74.30150997628702
21.836794269514144,57.75737740435898,12.130229935997665,77.25476764653197
14.33004674775038,82.09635032450282,12.405400422457102,88.87930012999311
20.846291230949326,73.63014418597848,20.643138755079526,93.56875028145308
19.962618359934336,74.56239127199886,38.25177134856775,104.40024055664684
25.39625245130541,55.52960006688452,30.05717940168742,97.08460660507374
25.877341271691094,50.75609955281777,30.360098700176945,92.24657215673614
11.132600244301113,52.262325779076164,20.857599725135948,59.03668481183321
19.36531536566178,89.25897382416346,27.809823736256153,111.66081931778322
25.646497892855912,32.406551484748945,10.303935520832301,68.49767301731946
22.578406464502194,82.02188976734692,29.082881392286268,109.18708287086932
31.412246029708058,64.7205245143436,37.3986084272871,113.62532118669793
26.467340790473624,56.31692515137543,28.377204050344574,101.0643033233448
14.073360677035742,73.51545962490819,36.210957803990354,98.92442714489954
11.764218685010746,59.200136485482176,31.719191663982816,78.58331042059868
26.06048195515789,82.40539428489964,13.616752492110708,109.23071239058831
10.662782763540545,84.04211184067552,37.073599218575254,99.29026756356116
24.64438953183658,55.30325561240733,11.993315330673246,79.93204480989117
33.50575603562394,46.60966783410309,26.019024176432914,88.74708241967899
24.386854446896976,65.54101971560173,14.26411371380373,96.64616475982017
19.70424815516305,84.74180073700145,10.351198321927122,92.52199420705037
26.08220546105883,42.63973134033999,22.66102780382917,84.40278415084775
21.456322262287916,67.37799501380897,18.851221229624688,91.57491395930688
23.640419732898373,67.89361320555123,24.58001481392809,87.97687077687337
33.53662021941313,73.98678134491686,27.315996602036524,114.92961410520462
19.652565945019354,37.894061107635586,11.31217216926842,49.05428156650779
34.029764095597855,72.94949788092532,13.69009885371237,109.16790473046905
32.63376604890159,84.54195123993847,26.75927189351276,124.59987361233401
14.89477836973241,40.78098653221452,20.295020595179746,57.68425378878011
11.734032521879136,44.25259949543266,31.87520462648344,66.03825941562073
12.519450034435666,88.28370564249838,29.56874945775819,110.20546645295202
10.455545641288744,40.85861716256939,35.368130889697206,60.388880423140925
12.36107401889821,81.26310560217475,30.77478480007676,89.93662776917303
27.075169335408923,59.53667138688209,22.897932321704445,98.9768234851616
11.779716211505725,44.833864464190626,30.188998671832973,74.91018631372982
17.974390757344032,82.24499407635068,18.261435227662556,96.5144601429639
31.121882774236365,56.71831530015993,19.18940496334638,97.37292922792656
10.581798393395646,60.88904123578141,33.6695547976238,84.95154803716622
30.361712064723395,51.55400216398594,23.392585492047466,85.66112779218862
17.046369369334997,65.57705108609565,33.951410215550574,87.46646004301446
12.954120690541407,39.81143235510137,34.67267121004835,70.88479888352863
27.418429134103768,53.46489219910564,35.72687012983852,101.96253517867085
25.7235711694971,88.16473934011725,37.49905707523622,122.96400971398019
31.936800338176322,45.48800596206765,22.929556615398887,81.78027171565489
28.376776095097146,69.40419987247753,19.566004549634165,109.29379904541288
30.087023259621215,49.511403853481696,27.465962397823414,86.79167770418269
17.050864314282663,76.40838754119605,21.135172703128827,90.4796446558032
14.435988594493072,37.85241964310099,28.03222500400699,63.33292370232408
28.76536879102146,88.18926270471269,31.16757587931474,128.42444275622714
30.1708684816816,57.22737248301836,30.652150554764106,101.58289532457577
34.76262855001683,44.16302780078784,21.23658661060364,89.73819730776184
20.315441922785663,34.409804839800756,15.005806050962585,61.72571985525523
19.30045214481958,40.18547430525244,22.915880153866226,66.98443543813589
29.41032401854992,61.186436913361064,14.277824322457262,94.17114808676993
18.520088506325447,50.22019058587718,36.70291105551425,68.1039138155779
33.26893314008912,79.73300195295657,20.376323822135724,112.41424594619106
31.460318796075295,55.85325141970836,14.633792416699713,90.9584895739908
20.72485068437546,44.92285635525779,10.763432797172527,60.434751885945516
28.771776694787434,67.0286991962418,29.374671588594527,104.76804377409343
28.863571852117058,72.40663301312675,29.1070695236423,106.09277128993241
12.578096720898316,40.02251447405699,20.21812499743875,65.9981686346204
32.56382266698917,40.05715297729906,12.15135666542953,85.0630865410153
22.63130931119643,32.20028561601258,22.288866846856962,61.73320524408345
30.661436652693542,74.18412090393844,19.336524851901807,105.05509457450042
18.00124002576529,69.8282716573083,30.313619192050282,92.25117712474818
32.388080712405014,58.477852544988835,28.173377483580712,97.47637025186933
19.73004196835408,80.65022693815183,20.9378118459262,99.6402627556501
10.270941287007458,78.34020917700319,16.5367766276497,79.4742748553984
32.63454941048159,65.12126186380513,39.64107898466776,105.42593160126827
12.282166919653339,82.09627683079552,23.620048635883446,95.33920220566348
17.982840939760372,42.350472602206096,30.64822707340711,73.93154866728993
33.751549176270125,36.71517716386367,14.216589027350823,72.96071645799054
33.7651786734389,46.18497669101937,24.567690989781934,94.22681840964616
24.335947203082153,33.42521136535889,10.826101596083964,58.198467888201016
25.795930304244983,61.87017168006192,25.1636535373135,94.29890666799018
21.211138049457993,86.19634153769769,38.92052221353107,117.97242005933556
17.330269292451614,32.36061244011058,21.526201389574005,57.27985097429884
18.2166136342479,37.32659484060161,11.169880377247347,59.57985698290812
26.81296140192596,57.13194169700611,10.928673727580305,80.76329568426834
28.809363235942,86.0325010516743,21.639602798406084,113.23470520653241
29.789476093146213,48.96936629860503,14.800748093895821,81.2939412432057
29.740453569863845,60.43408852130355,10.700562889845578,85.65320481310106
12.280152576217258,32.494371543023526,32.68640841850531,56.191013719553276
22.360507617564537,38.90059205772533,23.75569026645672,62.08783642616734
11.438969000416106,89.19780737753081,18.677343159179635,91.96791154640327
23.73822205809339,87.90712178616273,37.002495490494425,115.8884341770411
21.038262534334425,30.296398856064577,13.484168806015768,54.944219766583956
32.19260456895749,87.10870712539435,38.67756486865957,126.44938638804037
18.77287531380197,68.34719626893002,19.419001521320585,86.60588715306602
12.926675410690146,82.07509767120132,36.65211016926044,101.89535130484978
13.574792051320896,57.28439133803155,28.088286294383845,80.53399204986485
29.037765792936806,60.93576171475502,34.80122079224462,97.74571258520916
25.455451582906527,59.33079481541521,39.52039489631393,91.75537092303125
12.528066903069757,70.01185545276627,18.65216313456237,75.1590241519624
12.102670152874936,38.379075285378775,38.83406456222779,62.2074820868922
27.524228286478,31.798415392360678,21.68445684707261,67.5504280921159
11.819075159104838,48.47579649547146,21.565357142107672,59.896225627369525
30.546501482258904,72.2808457641988,20.21161312763517,98.10570163263783
27.656055678912406,42.1112071273769,26.242228220427556,77.71674248943926
12.033719516047494,70.40594599949503,14.624351295354613,78.98452896710018
12.120942852129797,88.19472276643623,26.611344560740335,101.38172924525274
34.66598946252938,35.6340429473651,26.25114437230012,80.44487863353581
19.356769893903007,70.35612709350758,32.8570543781461,93.87656362584556
19.26605367667227,56.62501315827427,35.00949885812757,81.29053282345338
30.319989181437563,82.08853526265032,23.21324050937272,113.50423963065782
33.68121443459647,40.628987366843155,19.069997480544814,78.21350278430862
34.650026595571774,71.55755713356987,17.780046919512834,110.58174014750445
28.83445463147354,80.28691737888661,15.838715101146157,97.82090455178007
19.406489638272895,86.6768531684414,11.729427465970746,96.69583547140367
12.08751791746672,70.99488169737876,20.273439365041398,82.94318323734248
29.42867289818592,59.83048584050564,18.107430763923496,93.15168411380189
23.960106243395124,67.07083441207283,38.99252157599222,115.37022412963101
20.605550231174405,82.1342990687231,26.731264787501317,105.54873204897795
32.6588596273684,64.23658479832977,20.418311170915224,95.76878199275346
12.779937057653783,31.82322358181021,27.41402802981088,54.02419611409278
22.31562760727148,85.85692173041866,14.175901040370865,93.67100936591389
10.283841119185476,71.37160506189366,23.321312476066087,80.69555088408674
21.716516049853155,70.59080314663478,28.787029642631914,92.76069631344379
11.407581892045934,42.94050914386303,24.66693495377354,64.95192444023313
12.970447906701798,69.53312821395943,22.053364019629726,79.4700206960469
12.938156169427621,53.63186433924951,39.815451666990946,77.755175129232
26.230257552901588,69.07397862248953,36.409442864467806,101.76242418668542
28.651121981635583,36.39558181847944,28.702178744783204,86.5431579644045
24.58421912742899,69.47071827618217,27.081320835468482,97.01208416100522
34.05431371186354,89.96482354623998,28.61981439473752,136.309727705993
19.3717644880926,32.892722331633365,16.039363234672997,61.65073567894564
17.142802157046518,88.63045105327905,21.85413229792956,104.81312321672075
31.714978204736507,54.41447764337224,11.18378598672698,89.02511469033269
15.589895962986315,82.24520702023554,24.2663811246048,98.60621782515567
34.08056348601528,76.94312904349641,26.290737518729895,105.95818528065236
10.30386186724541,64.02097565920008,16.832492083096287,70.60324383884893
34.246970667690974,74.30695255507959,38.92086541496541,124.22814940869715
11.078997798764403,82.71093367808086,37.28363832811726,97.86087754767009
32.27857784245178,54.24841929906198,31.664297063677175,90.93922814801243
23.192527727157497,49.62198969379432,26.001598862960876,80.26740220621754
34.82411990298251,70.05560313381508,36.099074789430546,124.4034913666238
11.844914118384972,78.47075651647552,13.919570314703886,90.18474589026792
23.84635711003302,75.73710808659695,33.71529382824655,105.7529418686103
34.23256339047747,77.86881893151806,13.744624419005449,115.00368980858057
23.07744610425372,56.13499888877598,33.82631987648216,87.68155927252606
25.73496595338156,79.0700529705013,18.273027047540708,94.75515711009568
27.39371722461543,37.212543322236506,36.31271743054567,76.17652410195278
21.36352661919433,62.669345877650976,38.32126281476194,102.74678389507594
25.688952002101587,30.345519629887296,14.463879082153468,60.965132238361946
24.607857798077504,49.47514979401622,23.880268151961808,79.8327633720118
32.52895026227472,51.98769209228387,39.42962134488055,98.84051367962265
11.136159508536448,53.770361496555324,24.502223079194398,78.15147509495024
17.024079739805757,71.72803240139173,35.90642567543635,103.89432902340879
33.76028710191397,53.31348607622074,27.661945663939594,108.08800738248384
32.25659459727291,56.921617357351835,21.259897237588056,94.07992996940273
21.391418819642823,44.252647852459646,18.573506665776108,71.83669664216264
25.50331494503842,52.39510749776041,16.096692732582618,72.98519755144179
16.934529574528316,43.63617763578909,32.85394574133092,79.04202259932207
14.703028993094033,34.39175542610662,21.596215204690836,50.11624897860388
21.592460123499556,66.20691560288267,25.338263866022537,92.62949438233004
18.833805700651318,70.09276791330097,24.769764400035456,85.57315073327588
24.5914027962718,67.16942076057687,27.31837087699394,93.96007126879115
11.94336592412462,57.80964262803434,35.96731436873657,74.3770982404968
34.35987019165417,52.78714681075379,39.422180307502884,100.13327552896038
34.65526861199007,81.80001897430952,22.227526257214507,115.44448712669805
27.45404285049363,61.144907108173086,34.82556766318909,96.53221696409997
23.40240915860301,58.75091265778386,32.93583383964153,95.718207595273
17.738190407158193,31.538523948386143,27.205868543667197,54.59526795381974
30.344875492673715,50.474869657569386,38.68141430835799,97.2371606065123
27.118279313846983,52.811737127151424,16.01423546585208,88.88823837279136
14.065423483622283,53.92936685381403,13.277926309288642,64.0949829954753
32.77317961234606,64.81034215363994,35.61885900866267,105.39592430832055
30.563431073079226,62.016152803612705,23.174494499012447,96.72366365419019
33.7449978322981,66.47430556760668,35.40906562621181,117.27660070775251
28.142987709709,75.8929956925277,36.79270615586245,113.85287303837097
25.33537989839475,78.7791443229656,11.873727808572143,96.70656376769426
20.456075907265472,73.08738457358967,36.50394288958182,103.68855344832141
33.31821208385033,87.33142175729608,23.449571661082665,116.06031698781649
31.65159723751021,31.093954960581698,25.312974670126966,78.92036554075584
11.130466752654735,41.74667914101276,28.797775332796306,63.19582762090288
10.6591743624313,30.453772498688526,37.791478201902606,54.51072397912527
19.41158417195124,68.84848284927618,10.573482832892921,79.46649970997274
30.263833269545824,83.88183293699922,24.305304049534513,111.14131368640433
34.68190323287361,44.608937794577955,30.63166127291682,95.29535143329866
13.760422277588205,85.6220726877784,31.681208730946853,106.99567176124731
24.853267883803376,33.61604341737365,30.77597294611324,68.91820393237562
19.52227141577554,86.06616160833086,14.033053882243657,101.58811544447457
34.24785994536508,51.09736123437806,18.981867651150438,81.03111965450542
31.052973078392718,36.08524970695299,20.761465762510404,73.58941168760286
30.958217617778445,59.15230555117954,34.13311623038515,101.38296903311583
21.717328994874258,45.40659406323048,18.36279617243659,67.01905104574263
20.37048755844163,47.092374117715366,16.321148916016096,65.59652694836231
16.835176798267657,48.43739789557719,38.72344057114289,74.97495297760996
11.409387416273178,78.1815538699598,10.265898553404067,82.83042091382956
31.61805940637633,62.34967660051527,39.93462567045935,106.85208031126162
30.32252522825194,48.67846194936022,30.304638965721868,79.29096314962656
34.992941832153264,66.6200269986551,34.854078983473514,102.11109052606943
34.91592092684763,72.96904045339161,18.838581890385797,106.65930253083746
23.885792640065688,46.35744004401202,10.4294583300118,73.25206529856212
29.224685379512763,54.81294609152109,32.1360855568459,81.25049789342897
33.619143247060705,37.313165600216855,35.02433791002027,85.20702245089832
31.241184766935287,40.86896097208082,32.21428395860558,83.66049319470267
16.18370254357994,70.86707123789897,14.285508619025158,90.19854324316992
21.263603382752336,40.88630086173762,32.60283766770907,72.60167452398312
13.228985378787375,61.50980302002361,33.06768346322923,83.53141152588299
33.85127568146806,72.54277570334597,29.756215470101647,114.2401448159266
25.154365861272,36.41261538568463,32.98347798386759,65.1542379349719
15.716070137586568,64.03873317773422,35.377643190331966,91.62012838561591
26.792517110146417,45.393767022081825,28.40812342712375,83.74707839068448
25.453206011447396,87.77561251425479,12.658141419090372,109.63475113305884
18.954067950821013,59.01273880319548,24.628834290016325,101.90067826073141
12.838939804990726,78.35955298650948,12.329480040148152,73.83854547777759
26.78932988981999,63.01359252937571,22.226290930972926,102.29469860557657
23.00769252259483,32.60475197128915,22.21319467376883,63.36239234402776
29.30795979339098,67.98908253564134,11.980295324207248,96.98760996470092
23.004087527799832,87.08420053239942,20.46461601908438,107.27701224231532
31.304537507963502,66.09670920877987,13.329942963739445,94.98660219145961
23.797670969362137,79.15133156560742,34.24705630027667,106.15263392466503
24.023449288384654,83.05238780090447,38.43064077893412,116.13291345411726
31.916340066458627,43.68478631693595,12.169494257738158,71.7463157788098
20.087071655309927,42.7226903944936,38.653456218751046,81.36226224895114
13.350380711266018,66.6588593310595,25.677297980102352,80.10522128399174
10.719566907833475,54.66170818840229,18.986970338616217,60.43598531422833
28.878431391840476,80.39167817200322,12.305862258284906,102.87032704697454
25.507738783836615,84.00138740388067,25.018728042112535,116.6055065690776
27.60199420248059,51.20528275816309,33.83546633472246,88.3276769817873
15.324104037722769,44.21223353846892,31.212594318000946,71.15727692609104
13.409286889669243,76.83153091463171,11.506780343919212,79.6549777926907
10.363616641697048,46.48836213288817,12.187055061037105,59.51016645648364
18.764688970164926,79.3568591108207,22.086198478979114,100.47375198629504
24.74794217136583,55.42429521892577,18.858714821438298,92.70936835798082
19.806101127493307,70.05299395748823,16.971529691681436,87.4176616373272
20.936873050593228,35.73211883008009,18.43013496726141,66.26828423219618
32.60396736234371,67.43155948059439,34.10448229890654,110.61258726643595
18.706386675582507,57.10606072423374,37.876841608955615,93.55029230387888
22.84973722899527,65.19650779052844,22.15308083582699,87.05926938708691
29.591325318528575,40.0808524646918,37.18333006397491,89.8909639503616
19.913569558031753,74.21242469665093,19.64487103743646,92.11517226509366
25.552167505696836,81.7678246525937,24.293109590313748,107.90247463852555
31.55909271866863,43.00438800544654,16.78086993447999,81.12361905624145
33.738015591441055,35.7428733312097,29.214281265275318,84.94825998946807
13.676837023225948,31.418315162780182,39.36943345524426,60.65042807010762
33.16469062903736,68.51829002659596,28.10479288130136,109.73822313262491
22.302907326988453,66.42564216532685,20.734422523406465,98.16180407416178
16.45610970747396,62.8018447628442,29.434523379715852,89.63331757717813
21.478393905956533,43.916825766958524,13.687620353961627,72.09711644017996
34.50081438213692,53.45435975433088,36.65977240796196,100.21665363589064
22.31545234982174,65.66858011117039,25.092518523395093,87.41346202927832
18.218790257187706,59.80601153155016,23.480492261189262,86.22410645564877
25.835021357918144,89.26713121289325,27.575943653605577,120.58393638926813
16.003640469454826,38.18638515340399,28.743515883682072,71.48858800666493
11.896583202716599,71.70867324285562,12.153274186795391,74.69957240109598
13.22199304776623,54.259126086257524,30.47851663670207,73.3652075678748
13.20114597394431,55.69197689553688,17.257950409465888,60.82651107726845
13.797567337807358,73.05586593949057,31.418578975197693,88.74870751425578
13.470679316235254,71.54616907946217,34.6760438315259,95.72262491171223
26.021868620080365,89.4753596221313,34.11875522657561,117.53343075894828
14.54700210997862,37.703657367247516,26.575029022236674,64.10924191289482
18.64168208309658,36.246578963049984,25.605096769322536,63.2173145248281
32.4197102476503,73.46032902772447,14.286278840182352,106.43534008055892
21.84904100657181,64.70321502038455,33.26038451209406,88.8731565311625
26.68894346302568,46.44963999358835,18.14228141340143,78.68363210537173
14.307996780040746,34.765162139339196,24.900862684538396,42.476477335285836
14.80722547021677,35.13949497578583,18.528222787825502,54.20989714799161
11.021715406661972,83.6514524798471,14.014850889990793,79.00227969829174
14.223376576804114,41.512039483124575,28.886730906752096,70.75102151477472
16.964758475798966,49.40229372693125,11.629961044687114,69.58156243866986
14.42526210691867,43.59938413361928,32.459357023786,70.75285525692124
12.21756334392639,51.29977834991624,19.527603857833498,73.06973175735831
13.015896777515021,34.1654305647656,10.00404079013456,43.2088583757736
21.519469200818143,61.14358745449622,25.333874177116893,96.14198608271498
15.158342960144813,34.05675381553289,11.405557255828093,55.79915105381606
19.10674652620189,78.0213904693417,18.285086734626987,93.3049751381344
22.58543177137142,44.02272491462598,31.209294623671486,83.60344610509696
27.25987071573413,62.400714876270634,11.880688648655976,83.04129352216728
10.982803496027474,82.80474525368749,35.18015477068007,92.89066697588463
29.985259972726066,69.05264214283164,10.114597679757493,93.23877590521683
25.697509737272696,61.977467193080116,17.404716076057067,86.47645493689978
12.043975798721798,49.460025186922536,32.22712168456214,64.851563736484
31.83946560266943,49.98011478349187,19.488104491879206,94.05091813141304
33.02181001329533,70.1692173118914,13.056771641980406,100.99565968460858
11.526948996371594,89.64836167327005,20.80701756401284,97.71706175805278
16.921941203680092,69.71035139096271,18.111798591535766,82.27875302088577
30.155031994826533,63.46700504220149,35.281357064816646,95.49730445721876
28.70649225959146,73.83903061435477,19.400437527554296,104.56952075872783
14.613025483909432,57.91233673702309,33.66797415328021,71.13821216985102
15.233733083417757,33.60854055604711,36.756164344322045,63.20222408667268
19.26180256978455,63.73780895267459,23.014522587295886,78.77009634536502
22.113074629775532,87.45751707032281,37.298294315631765,125.08723036595882
25.4563692882574,40.51817654145958,21.319541618895784,78.17876879939804
19.22284098924431,71.40029344923994,38.92235249470325,100.17758915019414
21.563367903328697,42.05602131954339,12.678685735767187,72.17873479578607
28.686773453343914,62.14966106838487,30.610577995097284,95.21756610894056
10.917080072264948,35.800586978803175,24.81442121370786,56.865573169964875
16.31092360860052,57.02225617549111,21.62946416366941,77.00469752114178
27.83373964711381,75.36979973371476,28.981356362458026,109.50710595140573
32.38017094217999,50.85429145433892,31.115712749029935,101.45926216913594
22.791936052891653,69.89470346923308,10.130898089509273,91.99399559751011
23.30283713163289,77.72699764738375,15.00859266241596,99.09291732119958
12.6793002834944,85.63066916876716,31.39138151902956,91.1409492535803
21.185309170586365,44.078524911327214,29.991562407346194,70.8807406610412
23.315431661375577,53.958954948558485,38.981425153860314,90.02284986144902
16.06176259086824,39.14496079982504,32.83113370752349,67.47251247404694
16.731080773734526,89.5490101295025,38.52318123194014,105.32707702468389
19.432104077615566,85.62005807545772,31.076215046044208,119.41106225441905
10.50177994444316,62.39742781683358,18.941566259183297,79.57283159265818
18.05197913957946,80.52199766258528,13.160947667525694,95.67103853328885
15.286200174913617,61.25747863632253,33.45471590034806,84.43696537554713
18.187433804447867,67.41514128016559,29.32447664427748,89.35822706210288
12.99405329548128,35.34746592696099,11.445580371798886,44.83403458193459
32.263182018497375,75.31622522980848,20.80151397702935,109.75695818715262
24.839811338851217,37.66280901811409,38.703994464528584,80.57878075409077
26.97755797861224,79.5640578151517,25.012034371306036,102.32153013470095
29.729280965183456,76.92168526022316,22.98187408059114,110.37430449291872
22.46105497322643,72.52468186457858,23.73098815477882,96.06221029280026
12.173007202185593,32.169622831485725,16.26648172015491,38.9375099785018
23.427663545463695,48.187701356719714,21.061215125943857,72.89203984900662
24.671027950521978,45.78675419465057,21.094397679615298,74.71380806904625
28.635986854608248,51.60818444829114,11.570650605624172,90.87349537367585
20.791488655741986,35.25856480583031,33.02702885553755,72.4529182819922
13.189507569889095,86.21746938186376,22.49513295711637,89.37154322241665
17.09439764496811,63.22813444274258,34.6653966044927,90.85866447749032
19.077057409965878,48.33145863948141,35.510440033596865,71.5763358756508
26.147931033290032,53.818891024457,16.359821640959744,88.02599614942888
24.269457616722796,56.83215243029014,29.720604465103857,87.093750057762
18.902418147446156,66.03566000163704,24.16845412488945,87.12747589699389
34.66288121982449,60.94076566178987,36.40470213764455,115.17940429975452
25.14437048392218,85.16351839286504,16.472220375293624,100.10435163972423
15.930669793399861,59.817808974349816,30.334396009301326,75.15265801064538
12.544561815510093,89.52948088939877,28.232563667581676,97.87534409219194
13.8214784796083,81.08549746470575,18.859044327154983,96.07558856596864
16.148943209612703,42.51063086144015,14.098027109535177,52.83951971807074
14.017034331488892,85.83571287863498,29.549192814318296,86.10282991730097
14.664175601282643,36.98198387312856,32.15792374396992,61.00576539998198
17.127379217346178,79.04698250947149,19.468820312900498,96.28355522439746
14.33433988236887,52.837397608594806,29.344978120669413,80.14492375474734
32.41913561566063,82.67845922670418,21.8539272283451,113.65688692390165
12.005843641541055,82.08340140644702,31.39620649847853,93.71470370866615
23.112784739256366,78.35552400705727,15.976458246821593,104.177493687443
20.259920674741537,77.40182617842368,36.70645007908523,95.23788229349431
34.559465422715164,48.280748345882444,18.622287893967393,87.4644972550328
12.800972554201309,34.85515698307513,21.033579632684585,54.71420191746925
19.946389976143543,54.178810725909685,11.742758562410494,75.39618943973043
34.236760831884226,40.41147089919052,13.345366369638292,77.53693943647822
31.637678147349508,71.69706533414771,25.475857081369846,108.2329996433517
30.426801773732,50.76598359226713,18.027780301839144,73.69720238614673
16.447570676123497,88.53661205159489,35.064406772265826,104.80733577708779
14.272189684751645,68.45832464071992,10.440801659648615,79.38123172687456
26.716080498110774,79.34883381806165,21.372821460158086,101.31330421098791
33.23439972818964,37.95148036451091,20.12036640307278,80.59756827492068
23.919072325348246,81.72086893635736,10.57982892752803,101.60385890728129
24.290317236747498,85.36543143080365,13.731051970015306,102.59350580945873
16.999477341507102,59.22371512913615,22.40928024755906,79.83530389187983
29.23732332979842,66.37517626505866,24.7859375334234,95.76423494809369
14.676093713938084,75.88858805417973,22.12869241764607,88.3534727104123
18.09198091010609,40.49031763562475,25.928130352362814,70.11777722475463
20.635910965410417,60.15396458780654,27.853950247170445,87.59810475716513
22.690259467111375,53.919781666338785,10.297714633835069,72.58033766270253
16.060243310377004,38.782439529734944,23.922854783605118,63.380753009496885
12.870920618480088,52.05206533749188,38.90497722662765,80.11229457866652
25.265501061040816,34.09033856312961,25.57096840388646,60.126649932808505
17.215763831006395,31.54871441696922,30.326268023768595,66.85639246744684
24.530955535565305,38.109977349289366,19.355915737506496,67.92181269745775
13.859067881855058,87.78690669535044,33.21974134458287,105.597727152999
22.028502546370436,62.97177215370102,33.18764445628345,99.39167762497321
23.314735813789646,87.94932966919319,25.63888142962417,104.29821894056188
11.295588420560673,55.94987269980792,39.280414698376404,74.40760660156961
18.415106954848014,48.70896798511558,13.766506442879601,66.50581247597137
13.360366923474356,60.36851177041464,10.50842994668743,65.66269709222253
11.584374261819194,56.37070131797461,33.10474635271288,84.22486622410321
34.74900580974863,36.33988105570464,34.214666120946475,83.59418440760133
18.058846124368074,68.44957888141238,13.606216873617287,80.4556529937459
30.246861146365873,42.96229095057598,17.96748498875818,80.6717537884938
16.366016369094098,67.17527729386978,10.526570900998868,72.63197929812773
27.037568055598232,69.01206554388921,18.799258323416943,95.07595970475639
29.005696497242162,39.12149118771889,33.194256217560145,84.28842316189666
24.890968515196107,33.680977626640086,25.53881583137737,67.91905021332353
21.78940471375396,76.84569516410639,20.44286779504864,97.37834139081446
20.296022853681713,57.588025426159206,21.15217884718991,78.35507662669852
18.721706663574885,33.48982773032855,10.040608771464045,46.70586302038089
33.23822860619565,89.69197903018602,18.994015826957074,122.74443152175833
30.765485194693227,33.466833659782,29.393762249137914,87.16359564426264
34.12567276666282,71.7021137315132,39.225833314490714,118.01742311636849
13.107430587138618,89.02073551580482,35.411824809516986,105.77773810820645
28.271686880091107,44.350806252955536,10.707848939365874,78.22420750374098
33.458511420525944,38.53496212123177,36.956818140245176,83.10993998900564
14.530826654141503,37.283096365345735,33.49595239895878,72.52401856737382
11.662406684169436,48.196508854055736,33.411283707129414,70.26938093992663
28.528016232251478,36.0627486606388,23.739872770107144,83.11303928771194
24.3618278294978,71.52968050164792,21.940158788635085,93.76285221341328
31.0457194189568,33.73750788780376,19.087471864995777,82.87891515827818
13.494309415657238,60.56532768898738,11.970845768630973,74.50663380446798
29.881682796497255,89.8018112311786,16.847060904810974,118.88819922240688
15.040683001193614,78.83821617036114,17.39810904934074,90.98856933415735
14.091398571642612,66.91316629386066,24.52231209130605,81.45872427634043
14.106644948274823,48.3752172471967,32.42333219790082,77.84247212700693
30.364368005784552,67.43375017749831,24.214294851938398,103.19318852414955
26.629930517405004,61.6224878346991,11.735333483414818,77.28622511241694
23.076635619227982,55.565003033422286,38.73369402964612,85.92487987609945
18.970762103087562,37.84262260441197,38.281729572823366,71.2506486326826
31.930013520327705,83.196252914428,33.55568629445225,123.20085661898956
19.811127685565886,56.98707892927935,39.73983704692662,88.94999244506637
30.41498598678943,41.6773507092459,26.33446998400789,89.1019526925163
20.97837271425546,52.06556105263738,38.88305050759618,76.51251203282142
19.423610735622688,54.84778515173562,12.268151218502524,74.03857629591279
21.56699464174016,79.65227373401245,20.970422447841138,90.99752765428296
17.534446854103553,74.01686283368412,16.761438040202975,92.4341069893939
28.690234504406277,76.15829361848039,15.874992524028102,102.82011898987587
22.56800975231198,30.661875865718834,14.224088466780282,60.82120648886018
15.805317378670432,54.96923989078569,28.6724092469799,72.95856258757419
32.48936433186421,58.88064909811942,33.43965567241915,109.20890897123091
19.597280534330284,31.151536609383403,27.34895198261082,67.32106524030273
23.588821527849717,45.58879252470206,14.40888128764629,74.8997820120639
32.661802774113674,75.6173893873281,34.333713098004125,116.20734515348374
25.605949897849804,38.22658234373994,29.078641214911855,78.74701278634329
12.922451017709102,62.1186078871555,21.644971183809865,72.48985028294351
33.49580309033688,42.91211232103425,30.22390886608189,93.91438629337617
25.692701326785446,30.727246478633596,17.797149377284985,72.55901793531152
18.372640366427152,44.472087455972485,20.355766254826314,73.15577433179966
13.481801816584682,88.55242529460322,37.52457529395971,102.13437771352702
29.8506297317574,78.09222671297937,18.71513517014261,109.4591912199292
25.50181889821284,87.574598659262,24.099648044738096,106.24597790884081
23.33652729940804,59.27124263558174,36.70423412188044,96.63489548457363
32.347314576273945,36.584171920650206,31.231640508025823,85.95295234637452
29.71493028061327,62.87756933842158,11.866096784941082,82.5439385022829
13.791871993318779,57.26264007359765,14.41909132836911,63.7609848954834
17.793051694888707,80.66142496437695,10.235247723157505,89.58273138322792
16.212228495361643,35.88495484705467,28.927653706874903,61.12216618981103
28.598657314316924,59.29446822130669,23.43020276231255,87.4216800582879
10.838310868394485,39.00291988163906,14.028245527068266,53.16732535767968
24.24724212178291,49.480555613403595,38.738023631703115,89.3075148974165
29.061467143517262,74.24142464326798,25.8897917183686,106.2404504861268
31.919140919043738,58.56108776212599,17.256798823386674,90.0012812234548
18.55204371789769,52.553297108746165,25.018107134641227,82.05767934787761
30.53143261680032,53.66857671420212,30.388609982053232,103.04392106799018
12.765793423880181,57.5668061043592,12.287176539206934,65.09817784251436
31.161307293362956,77.10099263022342,18.241114451436758,105.13408549615858
13.18721655829956,83.52508133641406,34.20896472651981,102.20524562941061
19.93218226400918,87.3200811902357,23.78994611207984,103.87950982630457
29.93238414448884,77.2142031753177,26.397314260968848,110.19189464080902
13.747935683719344,48.924413744880766,22.98448006628408,70.82755960813321
15.731284880816037,71.28808236519254,11.316998279290154,72.01972645124188
28.056314209826656,56.25618744332351,14.972493394604678,92.75028532801647
28.00091341365186,45.28023732276307,23.36624916225673,81.87181315736777
26.028690822132432,80.45229476555537,16.275563962237833,101.67658105731124
27.3487111116775,32.3055809377395,11.499370859790362,63.96643274299254
23.568111083689907,84.1057195281254,35.309489921554714,113.03320065880816
16.294976472673817,57.68864787748405,39.43577587492348,76.76677148943294
18.642399837597985,68.23208860849682,33.79428621990218,101.3283849391323
14.539942920035642,69.56123533234697,35.61354765114001,91.11032175684345
32.71126403334071,83.70706444239218,17.259313909511363,117.06383600091515
24.58479486915301,68.20018093003245,38.81880926539599,108.22905207257779
20.021285419090997,66.8360150856037,15.907771133602852,80.3424278503921
21.550145091103317,33.999122433641396,38.54289431085497,74.69827870684072
33.68208349029538,61.104481316712246,39.84457881897853,107.88616919671955
13.833785077902006,39.010140049022496,31.35168417238146,67.7183500949736
24.65574580041993,74.24602612328914,39.43431195375466,98.0647347342551
22.64721697211165,60.73331524876047,27.08619338701311,88.81093775784257
25.286355885866193,70.8136667525012,17.78625349528271,92.87358393376195
10.452754595521013,32.50037403614306,23.109876569968627,52.259857781694755
31.803097723603788,35.087520962748194,27.80682806136358,82.4873690060459
33.302957062090314,72.97940328376094,12.192446860810449,100.90516505781223
24.12832958973022,34.325060159920405,28.670297938517383,67.18832328399107
27.416270596922306,34.27540366591552,39.435335102868834,79.48418835768695
33.062484529432396,30.726508514093247,15.703229493511829,67.62459185677334
27.680965857834966,87.39008389796881,33.7778534886515,124.22807136936339
13.813476072856535,74.25050156754043,37.236963813388584,92.74901844591726
24.40720900417033,51.19508451012385,38.31104778460663,74.86530120879857
25.1678761595714,47.792134877259315,38.804068132163415,85.96308307626582
20.60326678255965,50.982193784750976,25.643789161644158,73.13885064347458
28.41110589061807,76.47921187087091,39.31923723974511,106.77993610800624
33.35917536922537,69.68223666422486,32.71930621403317,105.94931969035405
33.13921282266941,41.11173407204808,14.850143087108858,80.62855654756102
21.270984285103303,40.44656012004506,24.307003194039098,76.67913497642071
12.830951146018881,35.90373898280384,31.54993526116012,61.46102256137068
34.62102997405836,69.61816318208028,17.420209474572502,102.91735431074183
30.972452161148354,75.86235973330416,29.218455506466622,114.74557910910819
13.116567030081672,45.90278569950024,29.998014371398575,65.16566463030253
33.02104706543431,31.25669766185477,14.880992314256977,68.59810891931775
31.747409051553205,34.93030004858564,26.952559373582687,73.74559724635878
22.970951428151803,88.07160209070183,33.148807329358235,105.83768301726417
24.781885893623233,47.72668664864521,24.966869936078258,78.45342882650596
19.975067596753256,76.15338887028801,10.363093503283222,90.86460641357658
11.369040970550783,67.47981413125584,10.271154072378765,72.27915915578055
18.379931041147522,52.91637837917375,20.710880319100365,72.66462547252942
30.071336214950286,42.341235731733306,37.78582205295346,84.12277276631983
10.115800575115072,37.283185089564384,16.860303388108264,53.436891414268565
18.337479292278605,66.900778082332,29.030910666150614,83.45539334994231
19.954217339773585,76.47802683826728,16.662276120799618,97.33875990795931
23.434890073448074,68.63425521246785,19.650099689786458,87.84323700837157
32.99639041031901,61.8181279949495,35.44126268804452,103.0086260455995
18.65864985914903,32.517073405898174,31.865843268098406,57.00303423666819
18.673830047405694,88.10932665566303,12.861978319396318,96.82003580668724
28.43753120274371,77.92285149927447,22.86106062959301,112.77041124989843
21.30544852224518,47.56932220205788,10.875092909357933,71.63768288523927
15.61512057349955,88.79821976153104,24.42670439809027,106.88218325660961
21.310987903317333,66.11289537817933,29.873020351032043,96.01072469170997
13.521425509494996,64.94535949243479,13.555078707944546,69.44118841666226
14.409674662655583,74.88439076577193,18.666548167274968,84.87845016980394
22.459194318486993,78.70618728540825,21.93509876506471,96.98253674745604
20.473136237613698,69.38871643989016,37.585930739681494,105.5245765270845
32.8711475267025,37.685744781972005,39.79765046268892,83.50885485683351
19.059847477915827,50.296050359669906,11.347338969868476,73.25081519311472
24.514708756951087,85.685018419563,32.83023770486176,118.84555344696643
25.80660719798826,43.476936710631115,21.151721992070296,85.47344001070638
10.32736141470834,52.330021430250795,21.773745586884402,63.09529067214536
26.588434300417767,55.92461297665176,32.62794920041068,96.52139693992888
14.450899171743785,56.36429938166713,37.552792964362254,92.61717417630159
34.026757936736374,66.77637494967152,38.52785783507645,110.42893001669061
13.716568193827824,86.58455026468246,27.313677581149623,91.70915959725238
20.365603093175594,44.4415627099503,20.713634779015084,60.94874109973968
12.133741701966096,37.290082578055085,33.62647257576337,64.76935253699173
34.92185629614868,41.848229391596234,17.530041497869007,74.734080777297
22.554875258281065,83.21549401255618,26.92222086500553,105.23776068779537
24.884625433001094,68.74864875931236,20.757353845746195,97.42571238511911
11.676911934710688,47.15440735434961,29.698932211236283,67.51116399490023
28.749011759979446,78.95681633811704,17.211967386805206,108.39747519679243
15.247639827389644,81.68219978180616,15.747788372044774,92.62827108333916
32.45135723601784,80.79086032141669,37.54717260026311,128.74223230705329
15.12849101205018,85.13559201837327,13.054110488486106,88.02813616970792
14.767193016591664,45.134461210401696,25.17873723204795,63.03259351196267
10.913741696202372,75.3025157247767,16.625583488890268,77.78799713335522
21.80167362774998,57.632369836448404,11.167898899770023,82.00281273165677
24.121028331565412,80.5199131734037,11.080564548742792,103.40343975294816
11.64271598570881,73.70944062969679,15.256653163174821,82.82326486478796
29.388190417375263,76.58684678998347,36.00311063518001,120.45432958487673
21.332220868700688,69.36971026086428,18.4743623193108,84.44141007390576
23.1097567331895,40.645726168182414,38.513775117258874,87.84129713075845
21.019068673455706,62.7016151338163,27.448668789675807,96.72470201859907
20.01907652188315,89.0801843714705,23.098425693062982,110.5143621561964
23.991008282705447,86.24328398982713,27.402665040083637,120.39416419500536
13.881006148267812,32.5904241478207,25.50095155678803,47.196906436183085
14.548203262381778,39.888888943766226,32.76328761271975,63.12835819491772
31.544640525337933,37.903726407273716,18.474881979185568,73.7374734424075
33.65288655334082,73.55879459911773,20.591511748009072,113.13365203609443
19.332732906993826,79.0671197914167,36.82282907599752,99.613686161514
16.768616828588844,42.81068197864032,38.393695394512164,77.35520922116238
26.099988580975396,60.351161577109735,36.776746824594234,104.84196969113894
20.21835427745241,80.44218168067201,22.583439818719405,103.3835048872602
10.634658891508622,73.96809268597504,33.410965090206446,90.0603024820011
13.90381493415476,62.5342323295109,24.290071999032964,73.91763307960717
27.899305721184938,65.42086142752638,24.926195564383065,94.04469895900773
26.473098547753786,60.5016328149768,16.14040327171852,94.48732067162858
10.677399812587087,47.85290707912924,27.733909097755493,68.85890500681231
15.549304048323737,63.90131957154097,15.58407693260044,77.37716138463377
15.776869914701784,71.33311812300545,19.946940972015813,83.88266115322496
26.79731858996821,82.39937495164847,35.65090604859805,105.77269592802276
10.492763443859104,68.1774812387549,16.212274276325658,69.88517616837547
12.602714549614346,75.66729222258948,12.134748555202984,91.2815609509089
29.997902134329735,39.60429809727438,12.070227778384488,67.3137570731951
14.46361655135834,57.693448465187394,38.22353561509324,83.57026554743196
26.31865269629687,30.559897189625598,25.207613138855038,73.67132742266024
15.954569526168163,44.80073187129738,22.28236215451055,59.85263666568351
12.48603481898363,73.5877029067803,34.32635743023755,91.94013519722878
16.07930477498635,89.5085970809618,35.07477783731548,113.12901000096409
28.05667329639148,35.95068597523296,19.96573099346814,72.47391884212647
31.392411702657142,54.08965895167729,30.808541724213857,110.68890734497118
30.75549661417479,78.00425812194956,33.1336844755566,107.53384837795673
19.92958824046137,42.24213807773393,29.639520605978635,77.82261930314951
26.702128414266156,63.30509695813718,14.547852244002982,89.0965490986483
15.124607385395525,73.98427776178049,36.27649250551171,99.33479809883826
17.328693256525334,66.95912701561073,26.17283658208026,89.65468756985535
32.40839546302799,41.28148407692497,18.47417279110011,77.48656722717362
10.325048087768401,51.323074121144366,22.756845563130817,65.97192174609968
12.1377132713617,77.02750706912383,11.12713271196722,72.46132067992527
15.197156378650682,63.253590847921,13.836004036672527,78.77369985391086
10.663305096845493,30.313776812574766,32.96640251547582,55.02098115396494
14.535885877244933,75.65944560168563,10.000349042660984,86.16409489858843
24.576039024242306,32.118681296414344,22.496974854468768,71.72527091889238
20.53561376481245,74.74402696387392,25.675305432567654,99.11371000620646
32.31679277692437,42.14883360991425,11.639032600029168,79.0591816192466
30.436089043461024,87.48440880716282,39.19234488916999,121.70166465916202
18.5454337924469,52.07644507812507,16.78375993749016,68.74645276393615
16.485585835782313,49.615896980284745,19.125961589088426,74.97207448259744
19.49231020418167,38.93328301994668,19.11827536765082,71.27821337333064
24.757373562870193,48.33625292941289,16.912499863520498,75.64354836917454
16.701591020571907,82.59904570969204,10.044214662589342,91.37326686000097
25.603722696228353,89.78006025763483,31.88034382263989,113.965615477933
20.23529130478101,52.098571830410904,39.00536499397856,91.32767375339245
23.801179521299506,56.916637857272555,16.72880449855135,85.78621207911202
20.903163228382915,73.32425629216422,29.891415754102674,108.39499596716095
17.361643988547943,83.17174682790447,32.25688980876146,99.10819976706316
33.71133267405392,65.58266005120706,35.45276137271574,108.75606844109713
29.09014485399402,53.491541890669765,22.678875910408273,90.19807490516062
13.502829394161314,54.75731045091742,19.087927169212875,72.7856549069628
31.71169939744782,71.73708878980841,19.758854020690933,104.24479913139142
22.18577995623784,30.193095816256722,31.378639992955385,62.101927144699985
32.363805672352285,67.17536024759045,34.50338399516908,114.2355846470975
29.996381398682882,51.329580626481444,15.44841903269808,88.38920850868155
20.630337611730837,77.65183987662505,21.128230244732954,92.86062165492488
10.561732708002936,35.57943838938793,37.0582059024745,66.4439469178786
16.71693398462365,65.29213601690343,34.20080559084218,95.24542593647523
23.540855366521672,58.858373393167426,39.54575208287427,95.78008368203605
25.836955495653683,68.53953155431364,32.627447790462426,102.54768504534674
16.447192135830058,33.8912156689781,21.79585603083767,60.51781996917692
13.483901851820603,64.79902724568788,27.719135019839133,77.5709561773733
30.873255919982476,63.689075277571426,29.83042762741961,103.06453853556634
34.61005451758881,63.639605664970254,12.353674489513718,87.85866947479373
23.142254557567146,66.20925999578729,26.334908773115952,98.28784607978307
14.291982146207587,70.58807623358173,31.279624854178287,81.45318587719434
16.807683162984226,78.29933998084618,15.019639120031812,97.83561048241891
10.459766913686668,46.18924320769286,33.41895152276672,64.5619901541294
32.857470164012476,79.50296461080373,27.51318341542335,115.72959268351376
12.943777072253528,59.89534093580722,38.56665357092784,79.5934624903914
24.41291188785634,34.62349674805987,11.272668946206752,61.190431767368494
16.85138051718015,33.51305575463875,17.959784126664008,63.104650013399365
23.854450062894834,50.05429912176365,28.04661637899472,70.25304427970669
26.285509708796607,77.09381862668806,18.89679736617792,109.05089216543627
30.74354509268004,72.46085608445495,31.432724922137265,112.26741884535718
15.16053179401508,77.31689788034438,32.77015847565793,90.39612745563649
10.274895716462012,61.03614338649656,13.075478921994232,62.31996706470259
13.422140751720182,56.41193987732943,25.415633926203032,82.3259029030703
32.50046604620263,38.84715160237704,25.26671666773168,77.98410447149698
31.847251939062883,49.69156521655869,21.078423106466232,82.74241350037573
24.935327554257707,56.04116197043251,37.98774587709016,99.43576829182398
25.012921510841334,35.31602578077703,34.82518959619664,77.37368561715913
26.625916863656386,43.236717162672676,30.916281457289102,77.30898681248837
14.38428196558624,65.89351764382434,31.429799072049928,86.77397688681101
32.860298648123994,74.1397868543514,23.851484314393574,105.54116660022531
20.469263122301825,89.90085068357698,37.629835632897276,120.80282110218545
19.578463206237437,85.98679988061346,30.837862817598563,113.00938198514065
22.97294263207094,68.5539119721115,31.869431849674495,101.00540765512129
11.174149169376376,55.27488319764432,35.85072711362036,77.36255442441238
14.157084218901986,68.17064188249395,18.222147680265728,89.44202903314728
28.45084041065926,77.13909708481393,34.212127116001085,112.95678135558391
12.069966698128162,37.10017145540324,15.857218088694761,46.18333561931977
25.078802736659703,54.59429338177729,20.360258567346634,86.19749683724832
16.133727742033024,80.38813713813704,20.068313628095282,104.13537506268247
19.732390351049414,53.02997711598264,39.355764051674214,80.70693467395326
17.217343419267497,64.31233627363119,35.69611671243781,88.15142564477492
18.89181791162373,65.26616165173189,31.035095847707794,92.48288892969515
27.97614762960614,41.06857518801836,31.811702848461703,82.06256448514421
17.428042890579377,51.734126499137304,26.862183832077132,70.8205266821571
24.16011600742243,50.07067732451593,38.41272001325557,93.8643303562998
21.90126005497749,31.571802511923888,24.887762586470846,75.58303897883383
26.591779134066204,31.451505833481313,21.415531296096837,68.75976257083246
33.420743483118954,79.9018226205464,14.89106010794773,106.95153888147374
28.31430243025626,46.38424859836874,33.58616956783174,80.13284395365099
15.373509464768919,61.084725974328926,32.033317962267745,84.62253102442563
10.779578376532116,47.92353441532639,21.530651155724044,67.55903387854296
16.556601107495627,86.44075470692043,10.75580241877688,96.77426503639644
24.87694826750637,45.55780553194643,35.16991983154033,83.87152305774067
11.285645337106258,55.779408764336104,10.34253950362221,60.39121290886097
22.40915618003091,82.36381502907611,31.110993388871528,102.87671797014329
24.92107122292223,80.51601400750852,39.10771329178171,118.04570995102877
18.356097270424023,41.16608507077664,23.129839844446103,71.09396281028113
29.272805093645548,78.15859858774263,17.04920214987858,98.45019712405438
12.664956328344296,57.49121320427356,31.14613030130145,84.71317819898614
11.878444543395219,58.97813232512131,34.51384426046755,81.5639175468751
28.204718905090083,38.00879834495663,26.39290948233542,84.44712932897009
22.38728290515496,34.836090825427476,39.01105825768438,67.52850253294454
27.210059910693403,73.6763584184259,11.550061649738833,90.53906867536504
20.870683465093656,59.787669141317984,25.143867949135846,84.7020428968982
16.16005083097767,56.21104215691077,31.553618419676503,82.65162606701605
30.477557941854993,73.7704937191438,35.87921413447537,122.51087568741353
29.985396974224482,75.93077393946658,15.377668357233702,107.94632426833515
27.36741177136067,39.53449006016122,34.00010445291044,80.25513201615684
16.803628430749068,66.61350896865848,26.581212271556357,81.61392138927438
24.755766671727176,38.12124493666113,21.8966104596989,77.30222404884671
19.02434742350067,75.08250516174274,13.951450857372807,85.04741933752784
12.289551833165854,69.41730937602837,35.95887276726737,96.40308885811703
32.93283938655607,87.39687726500748,14.71819624539146,115.37408395053644
13.420465772974035,34.13748098138527,19.29363577627298,61.0142719639028
33.75593384552006,33.423283269075256,18.701365958873104,79.99108665961722
21.150144323948894,46.93122448159201,36.142421025725625,80.3113858396628
